goto:administration, 5234, 3989, 6817, 2241, 3736, 3394, 2419, 2164, 675, 15999
goto:newUser, 3244, 1927, 3594, 5164, 3677
action:saveNewUser, 8008, 6078, 5567, 5956, 3740
action:search, 20684, 18845, 18718, 12400, 10980, 11436
action:newForumSave, 1965, 1997, 2267, 1764, 3399
action:newSubmissionRejectRevision, 5237, 3157, 5754, 12086, 7667
action:logOut, 18269, 17674, 19062, 19837, 17141
action:newForumAddEditor, 2146, 1766, 2671, 1840, 2977
action:newSubmissionSubmit, 11563, 12254, 12830, 7377, 2153
action:login, 19977, 20612, 20333, 20785, 19768, 20576, 18564, 22330, 16207, 11059
goto:register, 19312, 18200, 18512, 17587, 15316, 14103
goto:homepage, 3474, 4127, 3747, 1258, 1689, 2078
goto:forum, 5634, 7717, 7523, 7434, 12263
goto:newForum, 18069, 21869, 21138, 21307, 22963
action:newSubmissionRevision, 11499, 9972, 10646, 17079, 8697
action:newSubmissionReleaseRevision, 17381, 14690, 9927, 7782, 25709
goto:forumList, 1713, 2322, 1924, 808, 2174, 2204
action:forumDelete, 1040, 2084, 3164, 6579, 6730
goto:newSubmission, 2072, 1909, 1715, 2288, 1319
goto:profile, 5681, 2724, 3200, 3017, 7462, 22510, 10067, 23116, 3924, 21386, 3475, 22819, 14164, 19937, 18984, 19325, 19216
callPage, 5969, 4532, 5240, 6046, 5651, 5410, 3908, 5548, 3832, 5447, 4209, 5503, 2240, 5934, 3887, 5749, 4013
action:register, 5579, 2672, 4744, 2529, 1103, 1682
action:profileSave, 12082, 21049, 21217, 20667, 18682, 13083
action:profileDelete, 1915, 1249, 1598, 1504, 2805, 1110, 1733, 1655, 1226, 1767, 1994
